{"count":1,"self":39.516576,"total":67.758074999999991,"children":{"InitializeActuators":{"count":2044,"self":0.0605128,"total":0.0605128,"children":null},"InitializeSensors":{"count":2044,"self":0.1478498,"total":0.1478498,"children":null},"AgentSendState":{"count":1947,"self":0.58981339999999993,"total":1.0474592,"children":{"CollectObservations":{"count":87750,"self":0.13107349999999998,"total":0.13107349999999998,"children":null},"WriteActionMask":{"count":87750,"self":0.1128063,"total":0.1128063,"children":null},"RequestDecision":{"count":87750,"self":0.21376599999999998,"total":0.21376599999999998,"children":null}}},"DecideAction":{"count":1947,"self":26.8418112,"total":26.841811999999997,"children":null},"AgentAct":{"count":1947,"self":0.14286749999999998,"total":0.14286749999999998,"children":null}},"gauges":{"Demian.CumulativeReward":{"count":1819,"max":10.7978058,"min":0.8112944,"runningAverage":3.91774678,"value":3.16171384,"weightedAverage":4.22530651}},"metadata":{"timer_format_version":"0.1.0","start_time_seconds":"1622458216","unity_version":"2020.2.4f1","command_line_arguments":"D:\\Programme\\Unity\\2020.2.4f1\\Editor\\Unity.exe -projectpath D:\/Projekte\/Projekte UB\/MLBoxing\/MLBoxing -useHub -hubIPC -cloudEnvironment production -hubSessionId 57c4eb80-c1fa-11eb-a124-6f1e7d12b307 -accessToken 1J2IOOgJ8zo4fXvS54z3mvoMvwvZzB_dR65BKY9h8t0008f","communication_protocol_version":"1.5.0","com.unity.ml-agents_version":"1.9.1-preview","scene_name":"S_AcademyScene","end_time_seconds":"1622458284"}}