{"count":1,"self":145.3711488,"total":1114.5985825,"children":{"InitializeActuators":{"count":17679,"self":0.73235699999999992,"total":0.73235699999999992,"children":null},"InitializeSensors":{"count":17679,"self":1.5405985,"total":1.5405985,"children":null},"AgentSendState":{"count":4484,"self":14.3396864,"total":159.1408445,"children":{"CollectObservations":{"count":1008900,"self":3.0556324,"total":3.0556324999999998,"children":null},"WriteActionMask":{"count":1008900,"self":3.726588,"total":3.7265878,"children":null},"RequestDecision":{"count":1008900,"self":11.1872104,"total":138.0189385,"children":{"AgentInfo.ToProto":{"count":1008900,"self":9.9776607999999989,"total":126.83172809999999,"children":{"GenerateSensorData":{"count":1008900,"self":116.85406719999999,"total":116.854067,"children":null}}}}}}},"DecideAction":{"count":4484,"self":803.40869119999991,"total":803.40869609999993,"children":null},"AgentAct":{"count":4484,"self":2.0312208,"total":2.0312208,"children":null},"AgentInfo.ToProto":{"count":17454,"self":0.2460203,"total":2.3717604,"children":{"GenerateSensorData":{"count":17454,"self":2.12574,"total":2.1257401,"children":null}}}},"gauges":{"Carla.CumulativeReward":{"count":17454,"max":0.8199995,"min":0.3999999,"runningAverage":0.5741051,"value":0.5299998,"weightedAverage":0.5856734}},"metadata":{"timer_format_version":"0.1.0","start_time_seconds":"1619171977","unity_version":"2020.2.4f1","command_line_arguments":"D:\\Programme\\Unity\\2020.2.4f1\\Editor\\Unity.exe -projectpath D:\/Projekte\/Projekte UB\/MLBoxing\/MLBoxing -useHub -hubIPC -cloudEnvironment production -hubSessionId f5fa9e50-a36c-11eb-9eb4-67e0656bd737 -accessToken XODgXIfB161dhBZaMWBl1hegnSC11DzPiiN6p9h5v2E008f","communication_protocol_version":"1.5.0","com.unity.ml-agents_version":"1.9.1-preview","scene_name":"S_AcademyScene","end_time_seconds":"1619173091"}}