{"count":1,"self":12.1140464,"total":26.225963999999998,"children":{"InitializeActuators":{"count":4,"self":0.0019909999999999997,"total":0.0019909999999999997,"children":null},"InitializeSensors":{"count":4,"self":0.0080155,"total":0.0080155,"children":null},"AgentInfo.ToProto":{"count":184,"self":0.0039907,"total":0.2438032,"children":{"GenerateSensorData":{"count":184,"self":0.23981249999999998,"total":0.23981249999999998,"children":null}}},"AgentSendState":{"count":5034,"self":0.0557984,"total":2.8747692,"children":{"CollectObservations":{"count":2014,"self":0.0029931999999999997,"total":0.0029931999999999997,"children":null},"WriteActionMask":{"count":2014,"self":0.033040799999999995,"total":0.033040799999999995,"children":null},"RequestDecision":{"count":2014,"self":0.0259372,"total":2.7829368,"children":{"AgentInfo.ToProto":{"count":2014,"self":0.0169635,"total":2.7569996,"children":{"GenerateSensorData":{"count":2014,"self":2.740036,"total":2.7400360999999998,"children":null}}}}}}},"DecideAction":{"count":5034,"self":10.7391312,"total":10.7391309,"children":null},"AgentAct":{"count":5034,"self":0.2432104,"total":0.2432104,"children":null}},"gauges":{"Hilbert.CumulativeReward":{"count":184,"max":0.06992159,"min":-0.06992158,"runningAverage":-0.0005402988,"value":0.0211380832,"weightedAverage":-0.0007417246}},"metadata":{"timer_format_version":"0.1.0","start_time_seconds":"1631641175","unity_version":"2020.2.4f1","command_line_arguments":"D:\\Programme\\Unity\\2020.2.4f1\\Editor\\Unity.exe -projectpath D:\/Projekte\/Projekte UB\/MLBoxing\/MLBoxing -useHub -hubIPC -cloudEnvironment production -hubSessionId f5df7610-1537-11ec-b9b9-3519c272dd68 -accessToken SnYfNDBwoO5bwGIqkEGyhwQx3vF5yPR7tvnUQ9-BF0E008f","communication_protocol_version":"1.5.0","com.unity.ml-agents_version":"1.9.1-preview","scene_name":"S_AcademyScene","end_time_seconds":"1631641202"}}